{
  "bindAddress": "0.0.0.0",
  "bindPort": 2001,
  "publicAddress": "YOUR-PUBLIC-IP",
  "publicPort": 2001,
  "a2s": {
    "address": "YOUR-PUBLIC-IP",
    "port": 17777
  },
  "rcon": {
    "address": "YOUR-PUBLIC-IP",
    "port": 19999,
    "password": "1234",
    "permission": "monitor",
    "blacklist": [],
    "whitelist": []
  },
  "game": {
    "name": "YOUR-SERVER-NAME",
    "password": "1234",
    "passwordAdmin": "123456",
    "admins": [
      "76561198234014080"
    ],
    "scenarioId": "{AAD43C10045857C1}Missions/RHS_Conflict.conf",
    "maxPlayers": 64,
    "visible": true,
    "crossPlatform": true,
    "supportedPlatforms": [
      "PLATFORM_PC",
      "PLATFORM_XBL",
      "PLATFORM_PSN"
    ],
    "mods": [
      {
        "name": "RHS - Content Pack 01",
        "modId": "1337C0DE5DABBEEF",
        "version": "0.12.4494"
      },
      {
        "name": "RHS - Content Pack 02",
        "modId": "BADC0DEDABBEDA5E",
        "version": "0.12.4494"
      },
      {
        "name": "RHS - Status Quo",
        "modId": "595F2BF2F44836FB",
        "version": "0.11.4316"
      },
      {
        "name": "ACE Core",
        "modId": "60C4CE4888FF4621",
        "version": "1.3.2"
      },
      {
        "name": "ACE Captives",
        "modId": "646D52AF8BB3FF15",
        "version": "1.3.2"
      },
      {
        "name": "ACE Carrying",
        "modId": "5DBD560C5148E1DA",
        "version": "1.3.2"
      },
      {
        "name": "ACE Chopping",
        "modId": "5EB744C5F42E0800",
        "version": "1.3.2"
      },
      {
        "name": "ACE Compass",
        "modId": "60C53A9372ED3964",
        "version": "1.3.2"
      },
      {
        "name": "ACE Explosives",
        "modId": "61B7763A8AEB53B7",
        "version": "1.3.2"
      },
      {
        "name": "ACE Finger",
        "modId": "606C369BAC3F6CC3",
        "version": "1.3.2"
      },
      {
        "name": "ACE Magazine Repack",
        "modId": "611CB1D409001EB0",
        "version": "1.3.2"
      },
      {
        "name": "ACE Medical",
        "modId": "60C4C12DAE90727B",
        "version": "1.3.2"
      },
      {
        "name": "ACE Radio",
        "modId": "64475DC102F2BDA4",
        "version": "1.3.2"
      },
      {
        "name": "ACE Tactical Ladder",
        "modId": "61226BB18D360BDD",
        "version": "1.3.2"
      },
      {
        "name": "ACE Tactical Periscope",
        "modId": "62F802951CC8A37E",
        "version": "1.3.2"
      },
      {
        "name": "ACE Trenches",
        "modId": "60EAEA0389DB3CC2",
        "version": "1.3.2"
      },
      {
        "name": "Player Map Markers",
        "modId": "5E92F5A4A1B75A75",
        "version": "1.1.8"
      },
      {
        "name": "Map Marker Menu Fix",
        "modId": "609E8CAD8A403EA6",
        "version": "1.0.2"
      },
      {
        "name": "Improved Blood Effect",
        "modId": "62FCEB51DF8527B6",
        "version": "1.4.1"
      },
      {
        "name": "Server Admin Tools",
        "modId": "5AAAC70D754245DD",
        "version": "1.2.3"
      },
      {
        "name": "Chat Message Roles",
        "modId": "5D071A427403AB2C",
        "version": "1.0.11"
      },
      {
        "name": "WCS_VehicleLock",
        "modId": "61BA4EB5C886D396",
        "version": "3.0.1"
      },
      {
        "name": "WCS_Armaments",
        "modId": "629B2BA37EFFD577",
        "version": "3.0.16"
      },
      {
        "name": "MRZR",
        "modId": "64900A5A31F5DCB5",
        "version": "1.0.4"
      },
      {
        "name": "SpaceCore",
        "modId": "5E389BB9F58B79A6",
        "version": "1.3.11"
      },
      {
        "name": "Joint Light Tactical Vehicle",
        "modId": "5C721177A220B42F",
        "version": "1.3.5"
      },
      {
        "name": "M2 Bradley Fighting Vehicle",
        "modId": "63120AE07E6C0966",
        "version": "1.1.8"
      },
      {
        "name": "M1 Abrams",
        "modId": "5D1880C4AD410C14",
        "version": "2.1.12"
      },
      {
        "name": "WCS_Core",
        "modId": "64610AFB74AA9842",
        "version": "3.0.42"
      },
      {
        "name": "WCS_TankMarkers",
        "modId": "64F57AB37D531246",
        "version": "3.0.0"
      },
      {
        "name": "WCS_ZU-23-2",
        "modId": "63294BA2D9F0339B",
        "version": "3.0.2"
      },
      {
        "name": "Big Chungus Motorbike",
        "modId": "61B84088181A8FA4",
        "version": "1.0.17"
      },
      {
        "name": "WCS_Motorbikes",
        "modId": "6503091A7B264FC3",
        "version": "1.0.8"
      },
      {
        "name": "AKI CORE",
        "modId": "62CCD69DD17E4F2F",
        "version": "3.0.0"
      },
      {
        "name": "WCS_AH6M",
        "modId": "6273146ADFE8241D",
        "version": "3.0.0"
      },
      {
        "name": "WCS_AH-6M_Upgrade",
        "modId": "62AE96D92179F7A0",
        "version": "3.0.0"
      },
      {
        "name": "WCS_Mi-24V",
        "modId": "628933A0D3A0D700",
        "version": "3.0.3"
      },
      {
        "name": "WCS_AH-1S",
        "modId": "64CB39E57377C861",
        "version": "3.0.1"
      },
      {
        "name": "WCS_AH-64D",
        "modId": "6303360DA719E832",
        "version": "3.0.3"
      },
      {
        "name": "WCS_AH-64D_Upgrade",
        "modId": "6326F0C7E748AB8A",
        "version": "3.0.0"
      },
      {
        "name": "WCS_KA-52",
        "modId": "64CB35D07BAEE60F",
        "version": "3.0.3"
      },
      {
        "name": "WCS_KA-52_Upgrade",
        "modId": "6508EDDEF93B2B29",
        "version": "3.0.0"
      },
      {
        "name": "WCS_Helicopters",
        "modId": "6146FAED5AAD7C55",
        "version": "3.0.4"
      },
      {
        "name": "WCS_Vehicles",
        "modId": "615A80027C5C9170",
        "version": "3.0.12"
      },
      {
        "name": "WCS_Clothing",
        "modId": "6152CB0BD0684837",
        "version": "3.0.0"
      },
      {
        "name": "WCS_Armbands",
        "modId": "61E42AE6714A3CC2",
        "version": "3.0.1"
      },
      {
        "name": "WCS_Attachments",
        "modId": "61C74A8B647617DA",
        "version": "3.0.1"
      },
      {
        "name": "WCS_Scopes",
        "modId": "62A668F513428630",
        "version": "3.0.3"
      },
      {
        "name": "WCS_NATO",
        "modId": "615806DC6C57AF02",
        "version": "3.0.8"
      },
      {
        "name": "WCS_RU",
        "modId": "615818DA7C0343FD",
        "version": "3.0.10"
      },
      {
        "name": "WCS_Arsenal",
        "modId": "615CC2D870A39838",
        "version": "3.0.13"
      },
      {
        "name": "WCS_Sounds",
        "modId": "631C3C1AEE9C90BC",
        "version": "3.0.0"
      },
      {
        "name": "WCS_SpawnProtection",
        "modId": "614C00DA7F8765F6",
        "version": "3.0.1"
      },
      {
        "name": "WCS_Commands",
        "modId": "61A25BD1C99515B5",
        "version": "3.0.4"
      },
      {
        "name": "WCS_Earplugs",
        "modId": "612F512CD4CB21D5",
        "version": "3.0.0"
      },
      {
        "name": "WCS_Interface",
        "modId": "614D1A3874A23AD9",
        "version": "3.0.4"
      },
      {
        "name": "WCS_Rules",
        "modId": "65DD60A16AE0FF73",
        "version": "1.0.0"
      },
      {
        "name": "WCS_LoadoutEditor",
        "modId": "61D57616CAFBB23D",
        "version": "3.0.7"
      },
      {
        "name": "WCS_AFKKick",
        "modId": "6122DD5CCF5C59E6",
        "version": "1.0.36"
      },
      {
        "name": "WCS_Settings",
        "modId": "648B595F6C72B4CB",
        "version": "3.0.0"
      },
      {
        "name": "WCS_Weather",
        "modId": "648EF4DF7B2F7D3A",
        "version": "3.0.3"
      },
      {
        "name": "WCS_TempFixes",
        "modId": "61C4B48772550E0F",
        "version": "1.0.9"
      },
      {
        "name": "WCS_Everon",
        "modId": "6148289172F86E7A",
        "version": "3.0.4"
      }
    ]
  },
  "operating": {
    "lobbyPlayerSynchronise": true,
    "joinQueue": {
      "maxSize": 12
    },
    "disableNavmeshStreaming": [
      "Soldiers",
      "BTRlike"
    ]
  }
}