{
  "Usage": "Usage: /bounty add <name> <amount> | /bounties | /bounty info <name>",
  "Add Usage": "Usage: /bounty add <player> <amount>",
  "Remove Usage": "Usage: /bounty remove <player>",
  "No Permission": "You don’t have permission to use this command.",
  "Invalid Amount": "Invalid amount.",
  "Amount Range": "Amount must be between {0} and {1} scrap.",
  "Cooldown": "You must wait {0}s before placing another bounty.",
  "Target Not Found": "Target player not found or not online.",
  "Self Bounty Denied": "Only admins can place bounties on themselves.",
  "No Scrap": "You don’t have enough scrap.",
  "Bounty Placed": "<color=red>[BOUNTY]</color> {0} placed a bounty of {1} scrap on {2}!",
  "No Bounties": "No bounties have been placed yet.",
  "Active Bounties": "Active Bounties:",
  "Bounty Info": "{0} has a bounty of {1} scrap.",
  "No Bounty": "That player has no bounty.",
  "Bounty Claimed": "You claimed the bounty on {0} and received {1} scrap!",
  "Reward Pending": "You will receive {0} scrap in 10 seconds.",
  "Reward Received": "You received your bounty reward of {0} scrap.",
  "Bounty Removed": "Bounty on {0} has been removed.",
  "BountyRemoveNoPerm": "You do not have permission to remove bounties."
}
